<class>
  <keyword> class </keyword>
  <identifier>Main,,class,-1,declaration</identifier>
  <symbol> { </symbol>
  <subroutineDec>
    <keyword> function </keyword>
    <keyword> void </keyword>
    <identifier> main </identifier>
    <identifier>main,,subroutine,-1,declaration</identifier>
    <symbol> ( </symbol>
    <parameterList>
    </parameterList>
    <symbol> ) </symbol>
    <subroutineBody>
      <symbol> { </symbol>
      <varDec>
        <keyword> var </keyword>
        <identifier> Array </identifier>
        <identifier>a,Array,var,0,declaration</identifier>
        <symbol> ; </symbol>
      </varDec>
      <varDec>
        <keyword> var </keyword>
        <keyword> int </keyword>
        <identifier>length,int,var,1,declaration</identifier>
        <symbol> ; </symbol>
      </varDec>
      <varDec>
        <keyword> var </keyword>
        <keyword> int </keyword>
        <identifier>i,int,var,2,declaration</identifier>
        <symbol> , </symbol>
        <identifier>sum,int,var,3,declaration</identifier>
        <symbol> ; </symbol>
      </varDec>
  <statements>
    <letStatement>
      <keyword> let </keyword>
      <identifier>length,int,var,1,usage</identifier>
      <symbol> = </symbol>
      <expression>
        <term>
          <identifier>Keyboard,,class,-1,usage</identifier>
          <symbol> . </symbol>
          <identifier> readInt </identifier>
          <identifier>readInt,,subroutine,-1,usage</identifier>
          <symbol> ( </symbol>
        <expressionList>
          <expression>
            <term>
              <stringConstant> HOW MANY NUMBERS?  </stringConstant>
            </term>
          </expression>
        </expressionList>
          <symbol> ) </symbol>
        </term>
      </expression>
      <symbol> ; </symbol>
    </letStatement>
    <letStatement>
      <keyword> let </keyword>
      <identifier>a,Array,var,0,usage</identifier>
      <symbol> = </symbol>
      <expression>
        <term>
          <identifier>Array,,class,-1,usage</identifier>
          <symbol> . </symbol>
          <identifier> new </identifier>
          <identifier>new,,subroutine,-1,usage</identifier>
          <symbol> ( </symbol>
        <expressionList>
          <expression>
            <term>
              <identifier>length,int,var,1,usage</identifier>
            </term>
          </expression>
        </expressionList>
          <symbol> ) </symbol>
        </term>
      </expression>
      <symbol> ; </symbol>
    </letStatement>
    <letStatement>
      <keyword> let </keyword>
      <identifier>i,int,var,2,usage</identifier>
      <symbol> = </symbol>
      <expression>
        <term>
          <integerConstant> 0 </integerConstant>
        </term>
      </expression>
      <symbol> ; </symbol>
    </letStatement>
    <whileStatement>
      <keyword> while </keyword>
      <symbol> ( </symbol>
      <expression>
        <term>
          <identifier>i,int,var,2,usage</identifier>
        </term>
        <symbol> &lt; </symbol>
        <term>
          <identifier>length,int,var,1,usage</identifier>
        </term>
      </expression>
      <symbol> ) </symbol>
      <symbol> { </symbol>
  <statements>
    <letStatement>
      <keyword> let </keyword>
      <identifier>a,Array,var,0,usage</identifier>
      <symbol> [ </symbol>
      <expression>
        <term>
          <identifier>i,int,var,2,usage</identifier>
        </term>
      </expression>
      <symbol> ] </symbol>
      <symbol> = </symbol>
      <expression>
        <term>
          <identifier>Keyboard,,class,-1,usage</identifier>
          <symbol> . </symbol>
          <identifier> readInt </identifier>
          <identifier>readInt,,subroutine,-1,usage</identifier>
          <symbol> ( </symbol>
        <expressionList>
          <expression>
            <term>
              <stringConstant> ENTER THE NEXT NUMBER:  </stringConstant>
            </term>
          </expression>
        </expressionList>
          <symbol> ) </symbol>
        </term>
      </expression>
      <symbol> ; </symbol>
    </letStatement>
    <letStatement>
      <keyword> let </keyword>
      <identifier>i,int,var,2,usage</identifier>
      <symbol> = </symbol>
      <expression>
        <term>
          <identifier>i,int,var,2,usage</identifier>
        </term>
        <symbol> + </symbol>
        <term>
          <integerConstant> 1 </integerConstant>
        </term>
      </expression>
      <symbol> ; </symbol>
    </letStatement>
  </statements>
      <symbol> } </symbol>
    </whileStatement>
    <letStatement>
      <keyword> let </keyword>
      <identifier>i,int,var,2,usage</identifier>
      <symbol> = </symbol>
      <expression>
        <term>
          <integerConstant> 0 </integerConstant>
        </term>
      </expression>
      <symbol> ; </symbol>
    </letStatement>
    <letStatement>
      <keyword> let </keyword>
      <identifier>sum,int,var,3,usage</identifier>
      <symbol> = </symbol>
      <expression>
        <term>
          <integerConstant> 0 </integerConstant>
        </term>
      </expression>
      <symbol> ; </symbol>
    </letStatement>
    <whileStatement>
      <keyword> while </keyword>
      <symbol> ( </symbol>
      <expression>
        <term>
          <identifier>i,int,var,2,usage</identifier>
        </term>
        <symbol> &lt; </symbol>
        <term>
          <identifier>length,int,var,1,usage</identifier>
        </term>
      </expression>
      <symbol> ) </symbol>
      <symbol> { </symbol>
  <statements>
    <letStatement>
      <keyword> let </keyword>
      <identifier>sum,int,var,3,usage</identifier>
      <symbol> = </symbol>
      <expression>
        <term>
          <identifier>sum,int,var,3,usage</identifier>
        </term>
        <symbol> + </symbol>
        <term>
          <identifier>a,Array,var,0,usage</identifier>
          <symbol> [ </symbol>
          <expression>
            <term>
              <identifier>i,int,var,2,usage</identifier>
            </term>
          </expression>
          <symbol> ] </symbol>
        </term>
      </expression>
      <symbol> ; </symbol>
    </letStatement>
    <letStatement>
      <keyword> let </keyword>
      <identifier>i,int,var,2,usage</identifier>
      <symbol> = </symbol>
      <expression>
        <term>
          <identifier>i,int,var,2,usage</identifier>
        </term>
        <symbol> + </symbol>
        <term>
          <integerConstant> 1 </integerConstant>
        </term>
      </expression>
      <symbol> ; </symbol>
    </letStatement>
  </statements>
      <symbol> } </symbol>
    </whileStatement>
    <doStatement>
      <keyword> do </keyword>
      <identifier>Output,,class,-1,usage</identifier>
      <symbol> . </symbol>
      <identifier> printString </identifier>
      <identifier>printString,,subroutine,-1,usage</identifier>
      <symbol> ( </symbol>
    <expressionList>
      <expression>
        <term>
          <stringConstant> THE AVERAGE IS:  </stringConstant>
        </term>
      </expression>
    </expressionList>
      <symbol> ) </symbol>
      <symbol> ; </symbol>
    </doStatement>
    <doStatement>
      <keyword> do </keyword>
      <identifier>Output,,class,-1,usage</identifier>
      <symbol> . </symbol>
      <identifier> printInt </identifier>
      <identifier>printInt,,subroutine,-1,usage</identifier>
      <symbol> ( </symbol>
    <expressionList>
      <expression>
        <term>
          <identifier>sum,int,var,3,usage</identifier>
        </term>
        <symbol> / </symbol>
        <term>
          <identifier>length,int,var,1,usage</identifier>
        </term>
      </expression>
    </expressionList>
      <symbol> ) </symbol>
      <symbol> ; </symbol>
    </doStatement>
    <doStatement>
      <keyword> do </keyword>
      <identifier>Output,,class,-1,usage</identifier>
      <symbol> . </symbol>
      <identifier> println </identifier>
      <identifier>println,,subroutine,-1,usage</identifier>
      <symbol> ( </symbol>
    <expressionList>
    </expressionList>
      <symbol> ) </symbol>
      <symbol> ; </symbol>
    </doStatement>
    <returnStatement>
      <keyword> return </keyword>
      <symbol> ; </symbol>
    </returnStatement>
  </statements>
      <symbol> } </symbol>
    </subroutineBody>
  </subroutineDec>
  <symbol> } </symbol>
</class>


