<class>
  <keyword> class </keyword>
  <identifier>Main,,class,-1,declaration</identifier>
  <symbol> { </symbol>
  <classVarDec>
    <keyword> static </keyword>
    <keyword> boolean </keyword>
    <identifier>test,boolean,static,0,declaration</identifier>
    <symbol> ; </symbol>
  </classVarDec>
  <subroutineDec>
    <keyword> function </keyword>
    <keyword> void </keyword>
    <identifier> main </identifier>
    <identifier>main,,subroutine,-1,declaration</identifier>
    <symbol> ( </symbol>
    <parameterList>
    </parameterList>
    <symbol> ) </symbol>
    <subroutineBody>
      <symbol> { </symbol>
      <varDec>
        <keyword> var </keyword>
        <identifier> SquareGame </identifier>
        <identifier>game,SquareGame,var,0,declaration</identifier>
        <symbol> ; </symbol>
      </varDec>
  <statements>
    <letStatement>
      <keyword> let </keyword>
      <identifier>game,SquareGame,var,0,usage</identifier>
      <symbol> = </symbol>
      <expression>
        <term>
          <identifier>SquareGame,,class,-1,usage</identifier>
          <symbol> . </symbol>
          <identifier> new </identifier>
          <identifier>new,,subroutine,-1,usage</identifier>
          <symbol> ( </symbol>
        <expressionList>
        </expressionList>
          <symbol> ) </symbol>
        </term>
      </expression>
      <symbol> ; </symbol>
    </letStatement>
    <doStatement>
      <keyword> do </keyword>
      <identifier>game,SquareGame,var,0,usage</identifier>
      <symbol> . </symbol>
      <identifier> run </identifier>
      <identifier>run,,subroutine,-1,usage</identifier>
      <symbol> ( </symbol>
    <expressionList>
    </expressionList>
      <symbol> ) </symbol>
      <symbol> ; </symbol>
    </doStatement>
    <doStatement>
      <keyword> do </keyword>
      <identifier>game,SquareGame,var,0,usage</identifier>
      <symbol> . </symbol>
      <identifier> dispose </identifier>
      <identifier>dispose,,subroutine,-1,usage</identifier>
      <symbol> ( </symbol>
    <expressionList>
    </expressionList>
      <symbol> ) </symbol>
      <symbol> ; </symbol>
    </doStatement>
    <returnStatement>
      <keyword> return </keyword>
      <symbol> ; </symbol>
    </returnStatement>
  </statements>
      <symbol> } </symbol>
    </subroutineBody>
  </subroutineDec>
  <subroutineDec>
    <keyword> function </keyword>
    <keyword> void </keyword>
    <identifier> more </identifier>
    <identifier>more,,subroutine,-1,declaration</identifier>
    <symbol> ( </symbol>
    <parameterList>
    </parameterList>
    <symbol> ) </symbol>
    <subroutineBody>
      <symbol> { </symbol>
      <varDec>
        <keyword> var </keyword>
        <keyword> int </keyword>
        <identifier>i,int,var,0,declaration</identifier>
        <symbol> , </symbol>
        <identifier>j,int,var,1,declaration</identifier>
        <symbol> ; </symbol>
      </varDec>
      <varDec>
        <keyword> var </keyword>
        <identifier> String </identifier>
        <identifier>s,String,var,2,declaration</identifier>
        <symbol> ; </symbol>
      </varDec>
      <varDec>
        <keyword> var </keyword>
        <identifier> Array </identifier>
        <identifier>a,Array,var,3,declaration</identifier>
        <symbol> ; </symbol>
      </varDec>
  <statements>
    <ifStatement>
      <keyword> if </keyword>
      <symbol> ( </symbol>
      <expression>
        <term>
          <keyword> false </keyword>
        </term>
      </expression>
      <symbol> ) </symbol>
      <symbol> { </symbol>
  <statements>
    <letStatement>
      <keyword> let </keyword>
      <identifier>s,String,var,2,usage</identifier>
      <symbol> = </symbol>
      <expression>
        <term>
          <stringConstant> string constant </stringConstant>
        </term>
      </expression>
      <symbol> ; </symbol>
    </letStatement>
    <letStatement>
      <keyword> let </keyword>
      <identifier>s,String,var,2,usage</identifier>
      <symbol> = </symbol>
      <expression>
        <term>
          <keyword> null </keyword>
        </term>
      </expression>
      <symbol> ; </symbol>
    </letStatement>
    <letStatement>
      <keyword> let </keyword>
      <identifier>a,Array,var,3,usage</identifier>
      <symbol> [ </symbol>
      <expression>
        <term>
          <integerConstant> 1 </integerConstant>
        </term>
      </expression>
      <symbol> ] </symbol>
      <symbol> = </symbol>
      <expression>
        <term>
          <identifier>a,Array,var,3,usage</identifier>
          <symbol> [ </symbol>
          <expression>
            <term>
              <integerConstant> 2 </integerConstant>
            </term>
          </expression>
          <symbol> ] </symbol>
        </term>
      </expression>
      <symbol> ; </symbol>
    </letStatement>
  </statements>
      <symbol> } </symbol>
      <keyword> else </keyword>
      <symbol> { </symbol>
  <statements>
    <letStatement>
      <keyword> let </keyword>
      <identifier>i,int,var,0,usage</identifier>
      <symbol> = </symbol>
      <expression>
        <term>
          <identifier>i,int,var,0,usage</identifier>
        </term>
        <symbol> * </symbol>
        <term>
          <symbol> ( </symbol>
          <expression>
            <term>
              <symbol> - </symbol>
              <term>
                <identifier>j,int,var,1,usage</identifier>
              </term>
            </term>
          </expression>
          <symbol> ) </symbol>
        </term>
      </expression>
      <symbol> ; </symbol>
    </letStatement>
    <letStatement>
      <keyword> let </keyword>
      <identifier>j,int,var,1,usage</identifier>
      <symbol> = </symbol>
      <expression>
        <term>
          <identifier>j,int,var,1,usage</identifier>
        </term>
        <symbol> / </symbol>
        <term>
          <symbol> ( </symbol>
          <expression>
            <term>
              <symbol> - </symbol>
              <term>
                <integerConstant> 2 </integerConstant>
              </term>
            </term>
          </expression>
          <symbol> ) </symbol>
        </term>
      </expression>
      <symbol> ; </symbol>
    </letStatement>
    <letStatement>
      <keyword> let </keyword>
      <identifier>i,int,var,0,usage</identifier>
      <symbol> = </symbol>
      <expression>
        <term>
          <identifier>i,int,var,0,usage</identifier>
        </term>
        <symbol> | </symbol>
        <term>
          <identifier>j,int,var,1,usage</identifier>
        </term>
      </expression>
      <symbol> ; </symbol>
    </letStatement>
  </statements>
      <symbol> } </symbol>
    </ifStatement>
    <returnStatement>
      <keyword> return </keyword>
      <symbol> ; </symbol>
    </returnStatement>
  </statements>
      <symbol> } </symbol>
    </subroutineBody>
  </subroutineDec>
  <symbol> } </symbol>
</class>


