<class>
  <keyword> class </keyword>
  <identifier>Square,,class,-1,declaration</identifier>
  <symbol> { </symbol>
  <classVarDec>
    <keyword> field </keyword>
    <keyword> int </keyword>
    <identifier>x,int,field,0,declaration</identifier>
    <symbol> , </symbol>
    <identifier>y,int,field,1,declaration</identifier>
    <symbol> ; </symbol>
  </classVarDec>
  <classVarDec>
    <keyword> field </keyword>
    <keyword> int </keyword>
    <identifier>size,int,field,2,declaration</identifier>
    <symbol> ; </symbol>
  </classVarDec>
  <subroutineDec>
    <keyword> constructor </keyword>
    <identifier> Square </identifier>
    <identifier> new </identifier>
    <identifier>new,,subroutine,-1,declaration</identifier>
    <symbol> ( </symbol>
    <parameterList>
      <keyword> int </keyword>
      <identifier>Ax,int,argument,0,declaration</identifier>
      <symbol> , </symbol>
      <keyword> int </keyword>
      <identifier>Ay,int,argument,1,declaration</identifier>
      <symbol> , </symbol>
      <keyword> int </keyword>
      <identifier>Asize,int,argument,2,declaration</identifier>
    </parameterList>
    <symbol> ) </symbol>
    <subroutineBody>
      <symbol> { </symbol>
  <statements>
    <letStatement>
      <keyword> let </keyword>
      <identifier>x,int,field,0,usage</identifier>
      <symbol> = </symbol>
      <expression>
        <term>
          <identifier>Ax,int,argument,0,usage</identifier>
        </term>
      </expression>
      <symbol> ; </symbol>
    </letStatement>
    <letStatement>
      <keyword> let </keyword>
      <identifier>y,int,field,1,usage</identifier>
      <symbol> = </symbol>
      <expression>
        <term>
          <identifier>Ay,int,argument,1,usage</identifier>
        </term>
      </expression>
      <symbol> ; </symbol>
    </letStatement>
    <letStatement>
      <keyword> let </keyword>
      <identifier>size,int,field,2,usage</identifier>
      <symbol> = </symbol>
      <expression>
        <term>
          <identifier>Asize,int,argument,2,usage</identifier>
        </term>
      </expression>
      <symbol> ; </symbol>
    </letStatement>
    <doStatement>
      <keyword> do </keyword>
      <identifier> draw </identifier>
      <identifier>draw,,subroutine,-1,usage</identifier>
      <symbol> ( </symbol>
    <expressionList>
    </expressionList>
      <symbol> ) </symbol>
      <symbol> ; </symbol>
    </doStatement>
    <returnStatement>
      <keyword> return </keyword>
      <expression>
        <term>
          <keyword> this </keyword>
        </term>
      </expression>
      <symbol> ; </symbol>
    </returnStatement>
  </statements>
      <symbol> } </symbol>
    </subroutineBody>
  </subroutineDec>
  <subroutineDec>
    <keyword> method </keyword>
    <keyword> void </keyword>
    <identifier> dispose </identifier>
    <identifier>dispose,,subroutine,-1,declaration</identifier>
    <symbol> ( </symbol>
    <parameterList>
    </parameterList>
    <symbol> ) </symbol>
    <subroutineBody>
      <symbol> { </symbol>
  <statements>
    <doStatement>
      <keyword> do </keyword>
      <identifier>Memory,,class,-1,usage</identifier>
      <symbol> . </symbol>
      <identifier> deAlloc </identifier>
      <identifier>deAlloc,,subroutine,-1,usage</identifier>
      <symbol> ( </symbol>
    <expressionList>
      <expression>
        <term>
          <keyword> this </keyword>
        </term>
      </expression>
    </expressionList>
      <symbol> ) </symbol>
      <symbol> ; </symbol>
    </doStatement>
    <returnStatement>
      <keyword> return </keyword>
      <symbol> ; </symbol>
    </returnStatement>
  </statements>
      <symbol> } </symbol>
    </subroutineBody>
  </subroutineDec>
  <subroutineDec>
    <keyword> method </keyword>
    <keyword> void </keyword>
    <identifier> draw </identifier>
    <identifier>draw,,subroutine,-1,declaration</identifier>
    <symbol> ( </symbol>
    <parameterList>
    </parameterList>
    <symbol> ) </symbol>
    <subroutineBody>
      <symbol> { </symbol>
  <statements>
    <doStatement>
      <keyword> do </keyword>
      <identifier>Screen,,class,-1,usage</identifier>
      <symbol> . </symbol>
      <identifier> setColor </identifier>
      <identifier>setColor,,subroutine,-1,usage</identifier>
      <symbol> ( </symbol>
    <expressionList>
      <expression>
        <term>
          <keyword> true </keyword>
        </term>
      </expression>
    </expressionList>
      <symbol> ) </symbol>
      <symbol> ; </symbol>
    </doStatement>
    <doStatement>
      <keyword> do </keyword>
      <identifier>Screen,,class,-1,usage</identifier>
      <symbol> . </symbol>
      <identifier> drawRectangle </identifier>
      <identifier>drawRectangle,,subroutine,-1,usage</identifier>
      <symbol> ( </symbol>
    <expressionList>
      <expression>
        <term>
          <identifier>x,int,field,0,usage</identifier>
        </term>
      </expression>
      <symbol> , </symbol>
      <expression>
        <term>
          <identifier>y,int,field,1,usage</identifier>
        </term>
      </expression>
      <symbol> , </symbol>
      <expression>
        <term>
          <identifier>x,int,field,0,usage</identifier>
        </term>
        <symbol> + </symbol>
        <term>
          <identifier>size,int,field,2,usage</identifier>
        </term>
      </expression>
      <symbol> , </symbol>
      <expression>
        <term>
          <identifier>y,int,field,1,usage</identifier>
        </term>
        <symbol> + </symbol>
        <term>
          <identifier>size,int,field,2,usage</identifier>
        </term>
      </expression>
    </expressionList>
      <symbol> ) </symbol>
      <symbol> ; </symbol>
    </doStatement>
    <returnStatement>
      <keyword> return </keyword>
      <symbol> ; </symbol>
    </returnStatement>
  </statements>
      <symbol> } </symbol>
    </subroutineBody>
  </subroutineDec>
  <subroutineDec>
    <keyword> method </keyword>
    <keyword> void </keyword>
    <identifier> erase </identifier>
    <identifier>erase,,subroutine,-1,declaration</identifier>
    <symbol> ( </symbol>
    <parameterList>
    </parameterList>
    <symbol> ) </symbol>
    <subroutineBody>
      <symbol> { </symbol>
  <statements>
    <doStatement>
      <keyword> do </keyword>
      <identifier>Screen,,class,-1,usage</identifier>
      <symbol> . </symbol>
      <identifier> setColor </identifier>
      <identifier>setColor,,subroutine,-1,usage</identifier>
      <symbol> ( </symbol>
    <expressionList>
      <expression>
        <term>
          <keyword> false </keyword>
        </term>
      </expression>
    </expressionList>
      <symbol> ) </symbol>
      <symbol> ; </symbol>
    </doStatement>
    <doStatement>
      <keyword> do </keyword>
      <identifier>Screen,,class,-1,usage</identifier>
      <symbol> . </symbol>
      <identifier> drawRectangle </identifier>
      <identifier>drawRectangle,,subroutine,-1,usage</identifier>
      <symbol> ( </symbol>
    <expressionList>
      <expression>
        <term>
          <identifier>x,int,field,0,usage</identifier>
        </term>
      </expression>
      <symbol> , </symbol>
      <expression>
        <term>
          <identifier>y,int,field,1,usage</identifier>
        </term>
      </expression>
      <symbol> , </symbol>
      <expression>
        <term>
          <identifier>x,int,field,0,usage</identifier>
        </term>
        <symbol> + </symbol>
        <term>
          <identifier>size,int,field,2,usage</identifier>
        </term>
      </expression>
      <symbol> , </symbol>
      <expression>
        <term>
          <identifier>y,int,field,1,usage</identifier>
        </term>
        <symbol> + </symbol>
        <term>
          <identifier>size,int,field,2,usage</identifier>
        </term>
      </expression>
    </expressionList>
      <symbol> ) </symbol>
      <symbol> ; </symbol>
    </doStatement>
    <returnStatement>
      <keyword> return </keyword>
      <symbol> ; </symbol>
    </returnStatement>
  </statements>
      <symbol> } </symbol>
    </subroutineBody>
  </subroutineDec>
  <subroutineDec>
    <keyword> method </keyword>
    <keyword> void </keyword>
    <identifier> incSize </identifier>
    <identifier>incSize,,subroutine,-1,declaration</identifier>
    <symbol> ( </symbol>
    <parameterList>
    </parameterList>
    <symbol> ) </symbol>
    <subroutineBody>
      <symbol> { </symbol>
  <statements>
    <ifStatement>
      <keyword> if </keyword>
      <symbol> ( </symbol>
      <expression>
        <term>
          <symbol> ( </symbol>
          <expression>
            <term>
              <symbol> ( </symbol>
              <expression>
                <term>
                  <identifier>y,int,field,1,usage</identifier>
                </term>
                <symbol> + </symbol>
                <term>
                  <identifier>size,int,field,2,usage</identifier>
                </term>
              </expression>
              <symbol> ) </symbol>
            </term>
            <symbol> &lt; </symbol>
            <term>
              <integerConstant> 254 </integerConstant>
            </term>
          </expression>
          <symbol> ) </symbol>
        </term>
        <symbol> &amp; </symbol>
        <term>
          <symbol> ( </symbol>
          <expression>
            <term>
              <symbol> ( </symbol>
              <expression>
                <term>
                  <identifier>x,int,field,0,usage</identifier>
                </term>
                <symbol> + </symbol>
                <term>
                  <identifier>size,int,field,2,usage</identifier>
                </term>
              </expression>
              <symbol> ) </symbol>
            </term>
            <symbol> &lt; </symbol>
            <term>
              <integerConstant> 510 </integerConstant>
            </term>
          </expression>
          <symbol> ) </symbol>
        </term>
      </expression>
      <symbol> ) </symbol>
      <symbol> { </symbol>
  <statements>
    <doStatement>
      <keyword> do </keyword>
      <identifier> erase </identifier>
      <identifier>erase,,subroutine,-1,usage</identifier>
      <symbol> ( </symbol>
    <expressionList>
    </expressionList>
      <symbol> ) </symbol>
      <symbol> ; </symbol>
    </doStatement>
    <letStatement>
      <keyword> let </keyword>
      <identifier>size,int,field,2,usage</identifier>
      <symbol> = </symbol>
      <expression>
        <term>
          <identifier>size,int,field,2,usage</identifier>
        </term>
        <symbol> + </symbol>
        <term>
          <integerConstant> 2 </integerConstant>
        </term>
      </expression>
      <symbol> ; </symbol>
    </letStatement>
    <doStatement>
      <keyword> do </keyword>
      <identifier> draw </identifier>
      <identifier>draw,,subroutine,-1,usage</identifier>
      <symbol> ( </symbol>
    <expressionList>
    </expressionList>
      <symbol> ) </symbol>
      <symbol> ; </symbol>
    </doStatement>
  </statements>
      <symbol> } </symbol>
    </ifStatement>
    <returnStatement>
      <keyword> return </keyword>
      <symbol> ; </symbol>
    </returnStatement>
  </statements>
      <symbol> } </symbol>
    </subroutineBody>
  </subroutineDec>
  <subroutineDec>
    <keyword> method </keyword>
    <keyword> void </keyword>
    <identifier> decSize </identifier>
    <identifier>decSize,,subroutine,-1,declaration</identifier>
    <symbol> ( </symbol>
    <parameterList>
    </parameterList>
    <symbol> ) </symbol>
    <subroutineBody>
      <symbol> { </symbol>
  <statements>
    <ifStatement>
      <keyword> if </keyword>
      <symbol> ( </symbol>
      <expression>
        <term>
          <identifier>size,int,field,2,usage</identifier>
        </term>
        <symbol> &gt; </symbol>
        <term>
          <integerConstant> 2 </integerConstant>
        </term>
      </expression>
      <symbol> ) </symbol>
      <symbol> { </symbol>
  <statements>
    <doStatement>
      <keyword> do </keyword>
      <identifier> erase </identifier>
      <identifier>erase,,subroutine,-1,usage</identifier>
      <symbol> ( </symbol>
    <expressionList>
    </expressionList>
      <symbol> ) </symbol>
      <symbol> ; </symbol>
    </doStatement>
    <letStatement>
      <keyword> let </keyword>
      <identifier>size,int,field,2,usage</identifier>
      <symbol> = </symbol>
      <expression>
        <term>
          <identifier>size,int,field,2,usage</identifier>
        </term>
        <symbol> - </symbol>
        <term>
          <integerConstant> 2 </integerConstant>
        </term>
      </expression>
      <symbol> ; </symbol>
    </letStatement>
    <doStatement>
      <keyword> do </keyword>
      <identifier> draw </identifier>
      <identifier>draw,,subroutine,-1,usage</identifier>
      <symbol> ( </symbol>
    <expressionList>
    </expressionList>
      <symbol> ) </symbol>
      <symbol> ; </symbol>
    </doStatement>
  </statements>
      <symbol> } </symbol>
    </ifStatement>
    <returnStatement>
      <keyword> return </keyword>
      <symbol> ; </symbol>
    </returnStatement>
  </statements>
      <symbol> } </symbol>
    </subroutineBody>
  </subroutineDec>
  <subroutineDec>
    <keyword> method </keyword>
    <keyword> void </keyword>
    <identifier> moveUp </identifier>
    <identifier>moveUp,,subroutine,-1,declaration</identifier>
    <symbol> ( </symbol>
    <parameterList>
    </parameterList>
    <symbol> ) </symbol>
    <subroutineBody>
      <symbol> { </symbol>
  <statements>
    <ifStatement>
      <keyword> if </keyword>
      <symbol> ( </symbol>
      <expression>
        <term>
          <identifier>y,int,field,1,usage</identifier>
        </term>
        <symbol> &gt; </symbol>
        <term>
          <integerConstant> 1 </integerConstant>
        </term>
      </expression>
      <symbol> ) </symbol>
      <symbol> { </symbol>
  <statements>
    <doStatement>
      <keyword> do </keyword>
      <identifier>Screen,,class,-1,usage</identifier>
      <symbol> . </symbol>
      <identifier> setColor </identifier>
      <identifier>setColor,,subroutine,-1,usage</identifier>
      <symbol> ( </symbol>
    <expressionList>
      <expression>
        <term>
          <keyword> false </keyword>
        </term>
      </expression>
    </expressionList>
      <symbol> ) </symbol>
      <symbol> ; </symbol>
    </doStatement>
    <doStatement>
      <keyword> do </keyword>
      <identifier>Screen,,class,-1,usage</identifier>
      <symbol> . </symbol>
      <identifier> drawRectangle </identifier>
      <identifier>drawRectangle,,subroutine,-1,usage</identifier>
      <symbol> ( </symbol>
    <expressionList>
      <expression>
        <term>
          <identifier>x,int,field,0,usage</identifier>
        </term>
      </expression>
      <symbol> , </symbol>
      <expression>
        <term>
          <symbol> ( </symbol>
          <expression>
            <term>
              <identifier>y,int,field,1,usage</identifier>
            </term>
            <symbol> + </symbol>
            <term>
              <identifier>size,int,field,2,usage</identifier>
            </term>
          </expression>
          <symbol> ) </symbol>
        </term>
        <symbol> - </symbol>
        <term>
          <integerConstant> 1 </integerConstant>
        </term>
      </expression>
      <symbol> , </symbol>
      <expression>
        <term>
          <identifier>x,int,field,0,usage</identifier>
        </term>
        <symbol> + </symbol>
        <term>
          <identifier>size,int,field,2,usage</identifier>
        </term>
      </expression>
      <symbol> , </symbol>
      <expression>
        <term>
          <identifier>y,int,field,1,usage</identifier>
        </term>
        <symbol> + </symbol>
        <term>
          <identifier>size,int,field,2,usage</identifier>
        </term>
      </expression>
    </expressionList>
      <symbol> ) </symbol>
      <symbol> ; </symbol>
    </doStatement>
    <letStatement>
      <keyword> let </keyword>
      <identifier>y,int,field,1,usage</identifier>
      <symbol> = </symbol>
      <expression>
        <term>
          <identifier>y,int,field,1,usage</identifier>
        </term>
        <symbol> - </symbol>
        <term>
          <integerConstant> 2 </integerConstant>
        </term>
      </expression>
      <symbol> ; </symbol>
    </letStatement>
    <doStatement>
      <keyword> do </keyword>
      <identifier>Screen,,class,-1,usage</identifier>
      <symbol> . </symbol>
      <identifier> setColor </identifier>
      <identifier>setColor,,subroutine,-1,usage</identifier>
      <symbol> ( </symbol>
    <expressionList>
      <expression>
        <term>
          <keyword> true </keyword>
        </term>
      </expression>
    </expressionList>
      <symbol> ) </symbol>
      <symbol> ; </symbol>
    </doStatement>
    <doStatement>
      <keyword> do </keyword>
      <identifier>Screen,,class,-1,usage</identifier>
      <symbol> . </symbol>
      <identifier> drawRectangle </identifier>
      <identifier>drawRectangle,,subroutine,-1,usage</identifier>
      <symbol> ( </symbol>
    <expressionList>
      <expression>
        <term>
          <identifier>x,int,field,0,usage</identifier>
        </term>
      </expression>
      <symbol> , </symbol>
      <expression>
        <term>
          <identifier>y,int,field,1,usage</identifier>
        </term>
      </expression>
      <symbol> , </symbol>
      <expression>
        <term>
          <identifier>x,int,field,0,usage</identifier>
        </term>
        <symbol> + </symbol>
        <term>
          <identifier>size,int,field,2,usage</identifier>
        </term>
      </expression>
      <symbol> , </symbol>
      <expression>
        <term>
          <identifier>y,int,field,1,usage</identifier>
        </term>
        <symbol> + </symbol>
        <term>
          <integerConstant> 1 </integerConstant>
        </term>
      </expression>
    </expressionList>
      <symbol> ) </symbol>
      <symbol> ; </symbol>
    </doStatement>
  </statements>
      <symbol> } </symbol>
    </ifStatement>
    <returnStatement>
      <keyword> return </keyword>
      <symbol> ; </symbol>
    </returnStatement>
  </statements>
      <symbol> } </symbol>
    </subroutineBody>
  </subroutineDec>
  <subroutineDec>
    <keyword> method </keyword>
    <keyword> void </keyword>
    <identifier> moveDown </identifier>
    <identifier>moveDown,,subroutine,-1,declaration</identifier>
    <symbol> ( </symbol>
    <parameterList>
    </parameterList>
    <symbol> ) </symbol>
    <subroutineBody>
      <symbol> { </symbol>
  <statements>
    <ifStatement>
      <keyword> if </keyword>
      <symbol> ( </symbol>
      <expression>
        <term>
          <symbol> ( </symbol>
          <expression>
            <term>
              <identifier>y,int,field,1,usage</identifier>
            </term>
            <symbol> + </symbol>
            <term>
              <identifier>size,int,field,2,usage</identifier>
            </term>
          </expression>
          <symbol> ) </symbol>
        </term>
        <symbol> &lt; </symbol>
        <term>
          <integerConstant> 254 </integerConstant>
        </term>
      </expression>
      <symbol> ) </symbol>
      <symbol> { </symbol>
  <statements>
    <doStatement>
      <keyword> do </keyword>
      <identifier>Screen,,class,-1,usage</identifier>
      <symbol> . </symbol>
      <identifier> setColor </identifier>
      <identifier>setColor,,subroutine,-1,usage</identifier>
      <symbol> ( </symbol>
    <expressionList>
      <expression>
        <term>
          <keyword> false </keyword>
        </term>
      </expression>
    </expressionList>
      <symbol> ) </symbol>
      <symbol> ; </symbol>
    </doStatement>
    <doStatement>
      <keyword> do </keyword>
      <identifier>Screen,,class,-1,usage</identifier>
      <symbol> . </symbol>
      <identifier> drawRectangle </identifier>
      <identifier>drawRectangle,,subroutine,-1,usage</identifier>
      <symbol> ( </symbol>
    <expressionList>
      <expression>
        <term>
          <identifier>x,int,field,0,usage</identifier>
        </term>
      </expression>
      <symbol> , </symbol>
      <expression>
        <term>
          <identifier>y,int,field,1,usage</identifier>
        </term>
      </expression>
      <symbol> , </symbol>
      <expression>
        <term>
          <identifier>x,int,field,0,usage</identifier>
        </term>
        <symbol> + </symbol>
        <term>
          <identifier>size,int,field,2,usage</identifier>
        </term>
      </expression>
      <symbol> , </symbol>
      <expression>
        <term>
          <identifier>y,int,field,1,usage</identifier>
        </term>
        <symbol> + </symbol>
        <term>
          <integerConstant> 1 </integerConstant>
        </term>
      </expression>
    </expressionList>
      <symbol> ) </symbol>
      <symbol> ; </symbol>
    </doStatement>
    <letStatement>
      <keyword> let </keyword>
      <identifier>y,int,field,1,usage</identifier>
      <symbol> = </symbol>
      <expression>
        <term>
          <identifier>y,int,field,1,usage</identifier>
        </term>
        <symbol> + </symbol>
        <term>
          <integerConstant> 2 </integerConstant>
        </term>
      </expression>
      <symbol> ; </symbol>
    </letStatement>
    <doStatement>
      <keyword> do </keyword>
      <identifier>Screen,,class,-1,usage</identifier>
      <symbol> . </symbol>
      <identifier> setColor </identifier>
      <identifier>setColor,,subroutine,-1,usage</identifier>
      <symbol> ( </symbol>
    <expressionList>
      <expression>
        <term>
          <keyword> true </keyword>
        </term>
      </expression>
    </expressionList>
      <symbol> ) </symbol>
      <symbol> ; </symbol>
    </doStatement>
    <doStatement>
      <keyword> do </keyword>
      <identifier>Screen,,class,-1,usage</identifier>
      <symbol> . </symbol>
      <identifier> drawRectangle </identifier>
      <identifier>drawRectangle,,subroutine,-1,usage</identifier>
      <symbol> ( </symbol>
    <expressionList>
      <expression>
        <term>
          <identifier>x,int,field,0,usage</identifier>
        </term>
      </expression>
      <symbol> , </symbol>
      <expression>
        <term>
          <symbol> ( </symbol>
          <expression>
            <term>
              <identifier>y,int,field,1,usage</identifier>
            </term>
            <symbol> + </symbol>
            <term>
              <identifier>size,int,field,2,usage</identifier>
            </term>
          </expression>
          <symbol> ) </symbol>
        </term>
        <symbol> - </symbol>
        <term>
          <integerConstant> 1 </integerConstant>
        </term>
      </expression>
      <symbol> , </symbol>
      <expression>
        <term>
          <identifier>x,int,field,0,usage</identifier>
        </term>
        <symbol> + </symbol>
        <term>
          <identifier>size,int,field,2,usage</identifier>
        </term>
      </expression>
      <symbol> , </symbol>
      <expression>
        <term>
          <identifier>y,int,field,1,usage</identifier>
        </term>
        <symbol> + </symbol>
        <term>
          <identifier>size,int,field,2,usage</identifier>
        </term>
      </expression>
    </expressionList>
      <symbol> ) </symbol>
      <symbol> ; </symbol>
    </doStatement>
  </statements>
      <symbol> } </symbol>
    </ifStatement>
    <returnStatement>
      <keyword> return </keyword>
      <symbol> ; </symbol>
    </returnStatement>
  </statements>
      <symbol> } </symbol>
    </subroutineBody>
  </subroutineDec>
  <subroutineDec>
    <keyword> method </keyword>
    <keyword> void </keyword>
    <identifier> moveLeft </identifier>
    <identifier>moveLeft,,subroutine,-1,declaration</identifier>
    <symbol> ( </symbol>
    <parameterList>
    </parameterList>
    <symbol> ) </symbol>
    <subroutineBody>
      <symbol> { </symbol>
  <statements>
    <ifStatement>
      <keyword> if </keyword>
      <symbol> ( </symbol>
      <expression>
        <term>
          <identifier>x,int,field,0,usage</identifier>
        </term>
        <symbol> &gt; </symbol>
        <term>
          <integerConstant> 1 </integerConstant>
        </term>
      </expression>
      <symbol> ) </symbol>
      <symbol> { </symbol>
  <statements>
    <doStatement>
      <keyword> do </keyword>
      <identifier>Screen,,class,-1,usage</identifier>
      <symbol> . </symbol>
      <identifier> setColor </identifier>
      <identifier>setColor,,subroutine,-1,usage</identifier>
      <symbol> ( </symbol>
    <expressionList>
      <expression>
        <term>
          <keyword> false </keyword>
        </term>
      </expression>
    </expressionList>
      <symbol> ) </symbol>
      <symbol> ; </symbol>
    </doStatement>
    <doStatement>
      <keyword> do </keyword>
      <identifier>Screen,,class,-1,usage</identifier>
      <symbol> . </symbol>
      <identifier> drawRectangle </identifier>
      <identifier>drawRectangle,,subroutine,-1,usage</identifier>
      <symbol> ( </symbol>
    <expressionList>
      <expression>
        <term>
          <symbol> ( </symbol>
          <expression>
            <term>
              <identifier>x,int,field,0,usage</identifier>
            </term>
            <symbol> + </symbol>
            <term>
              <identifier>size,int,field,2,usage</identifier>
            </term>
          </expression>
          <symbol> ) </symbol>
        </term>
        <symbol> - </symbol>
        <term>
          <integerConstant> 1 </integerConstant>
        </term>
      </expression>
      <symbol> , </symbol>
      <expression>
        <term>
          <identifier>y,int,field,1,usage</identifier>
        </term>
      </expression>
      <symbol> , </symbol>
      <expression>
        <term>
          <identifier>x,int,field,0,usage</identifier>
        </term>
        <symbol> + </symbol>
        <term>
          <identifier>size,int,field,2,usage</identifier>
        </term>
      </expression>
      <symbol> , </symbol>
      <expression>
        <term>
          <identifier>y,int,field,1,usage</identifier>
        </term>
        <symbol> + </symbol>
        <term>
          <identifier>size,int,field,2,usage</identifier>
        </term>
      </expression>
    </expressionList>
      <symbol> ) </symbol>
      <symbol> ; </symbol>
    </doStatement>
    <letStatement>
      <keyword> let </keyword>
      <identifier>x,int,field,0,usage</identifier>
      <symbol> = </symbol>
      <expression>
        <term>
          <identifier>x,int,field,0,usage</identifier>
        </term>
        <symbol> - </symbol>
        <term>
          <integerConstant> 2 </integerConstant>
        </term>
      </expression>
      <symbol> ; </symbol>
    </letStatement>
    <doStatement>
      <keyword> do </keyword>
      <identifier>Screen,,class,-1,usage</identifier>
      <symbol> . </symbol>
      <identifier> setColor </identifier>
      <identifier>setColor,,subroutine,-1,usage</identifier>
      <symbol> ( </symbol>
    <expressionList>
      <expression>
        <term>
          <keyword> true </keyword>
        </term>
      </expression>
    </expressionList>
      <symbol> ) </symbol>
      <symbol> ; </symbol>
    </doStatement>
    <doStatement>
      <keyword> do </keyword>
      <identifier>Screen,,class,-1,usage</identifier>
      <symbol> . </symbol>
      <identifier> drawRectangle </identifier>
      <identifier>drawRectangle,,subroutine,-1,usage</identifier>
      <symbol> ( </symbol>
    <expressionList>
      <expression>
        <term>
          <identifier>x,int,field,0,usage</identifier>
        </term>
      </expression>
      <symbol> , </symbol>
      <expression>
        <term>
          <identifier>y,int,field,1,usage</identifier>
        </term>
      </expression>
      <symbol> , </symbol>
      <expression>
        <term>
          <identifier>x,int,field,0,usage</identifier>
        </term>
        <symbol> + </symbol>
        <term>
          <integerConstant> 1 </integerConstant>
        </term>
      </expression>
      <symbol> , </symbol>
      <expression>
        <term>
          <identifier>y,int,field,1,usage</identifier>
        </term>
        <symbol> + </symbol>
        <term>
          <identifier>size,int,field,2,usage</identifier>
        </term>
      </expression>
    </expressionList>
      <symbol> ) </symbol>
      <symbol> ; </symbol>
    </doStatement>
  </statements>
      <symbol> } </symbol>
    </ifStatement>
    <returnStatement>
      <keyword> return </keyword>
      <symbol> ; </symbol>
    </returnStatement>
  </statements>
      <symbol> } </symbol>
    </subroutineBody>
  </subroutineDec>
  <subroutineDec>
    <keyword> method </keyword>
    <keyword> void </keyword>
    <identifier> moveRight </identifier>
    <identifier>moveRight,,subroutine,-1,declaration</identifier>
    <symbol> ( </symbol>
    <parameterList>
    </parameterList>
    <symbol> ) </symbol>
    <subroutineBody>
      <symbol> { </symbol>
  <statements>
    <ifStatement>
      <keyword> if </keyword>
      <symbol> ( </symbol>
      <expression>
        <term>
          <symbol> ( </symbol>
          <expression>
            <term>
              <identifier>x,int,field,0,usage</identifier>
            </term>
            <symbol> + </symbol>
            <term>
              <identifier>size,int,field,2,usage</identifier>
            </term>
          </expression>
          <symbol> ) </symbol>
        </term>
        <symbol> &lt; </symbol>
        <term>
          <integerConstant> 510 </integerConstant>
        </term>
      </expression>
      <symbol> ) </symbol>
      <symbol> { </symbol>
  <statements>
    <doStatement>
      <keyword> do </keyword>
      <identifier>Screen,,class,-1,usage</identifier>
      <symbol> . </symbol>
      <identifier> setColor </identifier>
      <identifier>setColor,,subroutine,-1,usage</identifier>
      <symbol> ( </symbol>
    <expressionList>
      <expression>
        <term>
          <keyword> false </keyword>
        </term>
      </expression>
    </expressionList>
      <symbol> ) </symbol>
      <symbol> ; </symbol>
    </doStatement>
    <doStatement>
      <keyword> do </keyword>
      <identifier>Screen,,class,-1,usage</identifier>
      <symbol> . </symbol>
      <identifier> drawRectangle </identifier>
      <identifier>drawRectangle,,subroutine,-1,usage</identifier>
      <symbol> ( </symbol>
    <expressionList>
      <expression>
        <term>
          <identifier>x,int,field,0,usage</identifier>
        </term>
      </expression>
      <symbol> , </symbol>
      <expression>
        <term>
          <identifier>y,int,field,1,usage</identifier>
        </term>
      </expression>
      <symbol> , </symbol>
      <expression>
        <term>
          <identifier>x,int,field,0,usage</identifier>
        </term>
        <symbol> + </symbol>
        <term>
          <integerConstant> 1 </integerConstant>
        </term>
      </expression>
      <symbol> , </symbol>
      <expression>
        <term>
          <identifier>y,int,field,1,usage</identifier>
        </term>
        <symbol> + </symbol>
        <term>
          <identifier>size,int,field,2,usage</identifier>
        </term>
      </expression>
    </expressionList>
      <symbol> ) </symbol>
      <symbol> ; </symbol>
    </doStatement>
    <letStatement>
      <keyword> let </keyword>
      <identifier>x,int,field,0,usage</identifier>
      <symbol> = </symbol>
      <expression>
        <term>
          <identifier>x,int,field,0,usage</identifier>
        </term>
        <symbol> + </symbol>
        <term>
          <integerConstant> 2 </integerConstant>
        </term>
      </expression>
      <symbol> ; </symbol>
    </letStatement>
    <doStatement>
      <keyword> do </keyword>
      <identifier>Screen,,class,-1,usage</identifier>
      <symbol> . </symbol>
      <identifier> setColor </identifier>
      <identifier>setColor,,subroutine,-1,usage</identifier>
      <symbol> ( </symbol>
    <expressionList>
      <expression>
        <term>
          <keyword> true </keyword>
        </term>
      </expression>
    </expressionList>
      <symbol> ) </symbol>
      <symbol> ; </symbol>
    </doStatement>
    <doStatement>
      <keyword> do </keyword>
      <identifier>Screen,,class,-1,usage</identifier>
      <symbol> . </symbol>
      <identifier> drawRectangle </identifier>
      <identifier>drawRectangle,,subroutine,-1,usage</identifier>
      <symbol> ( </symbol>
    <expressionList>
      <expression>
        <term>
          <symbol> ( </symbol>
          <expression>
            <term>
              <identifier>x,int,field,0,usage</identifier>
            </term>
            <symbol> + </symbol>
            <term>
              <identifier>size,int,field,2,usage</identifier>
            </term>
          </expression>
          <symbol> ) </symbol>
        </term>
        <symbol> - </symbol>
        <term>
          <integerConstant> 1 </integerConstant>
        </term>
      </expression>
      <symbol> , </symbol>
      <expression>
        <term>
          <identifier>y,int,field,1,usage</identifier>
        </term>
      </expression>
      <symbol> , </symbol>
      <expression>
        <term>
          <identifier>x,int,field,0,usage</identifier>
        </term>
        <symbol> + </symbol>
        <term>
          <identifier>size,int,field,2,usage</identifier>
        </term>
      </expression>
      <symbol> , </symbol>
      <expression>
        <term>
          <identifier>y,int,field,1,usage</identifier>
        </term>
        <symbol> + </symbol>
        <term>
          <identifier>size,int,field,2,usage</identifier>
        </term>
      </expression>
    </expressionList>
      <symbol> ) </symbol>
      <symbol> ; </symbol>
    </doStatement>
  </statements>
      <symbol> } </symbol>
    </ifStatement>
    <returnStatement>
      <keyword> return </keyword>
      <symbol> ; </symbol>
    </returnStatement>
  </statements>
      <symbol> } </symbol>
    </subroutineBody>
  </subroutineDec>
  <symbol> } </symbol>
</class>


