<class>
  <keyword> class </keyword>
  <identifier>SquareGame,,class,-1,declaration</identifier>
  <symbol> { </symbol>
  <classVarDec>
    <keyword> field </keyword>
    <identifier> Square </identifier>
    <identifier>square,Square,field,0,declaration</identifier>
    <symbol> ; </symbol>
  </classVarDec>
  <classVarDec>
    <keyword> field </keyword>
    <keyword> int </keyword>
    <identifier>direction,int,field,1,declaration</identifier>
    <symbol> ; </symbol>
  </classVarDec>
  <subroutineDec>
    <keyword> constructor </keyword>
    <identifier> SquareGame </identifier>
    <identifier> new </identifier>
    <identifier>new,,subroutine,-1,declaration</identifier>
    <symbol> ( </symbol>
    <parameterList>
    </parameterList>
    <symbol> ) </symbol>
    <subroutineBody>
      <symbol> { </symbol>
  <statements>
    <letStatement>
      <keyword> let </keyword>
      <identifier>square,Square,field,0,usage</identifier>
      <symbol> = </symbol>
      <expression>
        <term>
          <identifier>Square,,class,-1,usage</identifier>
          <symbol> . </symbol>
          <identifier> new </identifier>
          <identifier>new,,subroutine,-1,usage</identifier>
          <symbol> ( </symbol>
        <expressionList>
          <expression>
            <term>
              <integerConstant> 0 </integerConstant>
            </term>
          </expression>
          <symbol> , </symbol>
          <expression>
            <term>
              <integerConstant> 0 </integerConstant>
            </term>
          </expression>
          <symbol> , </symbol>
          <expression>
            <term>
              <integerConstant> 30 </integerConstant>
            </term>
          </expression>
        </expressionList>
          <symbol> ) </symbol>
        </term>
      </expression>
      <symbol> ; </symbol>
    </letStatement>
    <letStatement>
      <keyword> let </keyword>
      <identifier>direction,int,field,1,usage</identifier>
      <symbol> = </symbol>
      <expression>
        <term>
          <integerConstant> 0 </integerConstant>
        </term>
      </expression>
      <symbol> ; </symbol>
    </letStatement>
    <returnStatement>
      <keyword> return </keyword>
      <expression>
        <term>
          <keyword> this </keyword>
        </term>
      </expression>
      <symbol> ; </symbol>
    </returnStatement>
  </statements>
      <symbol> } </symbol>
    </subroutineBody>
  </subroutineDec>
  <subroutineDec>
    <keyword> method </keyword>
    <keyword> void </keyword>
    <identifier> dispose </identifier>
    <identifier>dispose,,subroutine,-1,declaration</identifier>
    <symbol> ( </symbol>
    <parameterList>
    </parameterList>
    <symbol> ) </symbol>
    <subroutineBody>
      <symbol> { </symbol>
  <statements>
    <doStatement>
      <keyword> do </keyword>
      <identifier>square,Square,field,0,usage</identifier>
      <symbol> . </symbol>
      <identifier> dispose </identifier>
      <identifier>dispose,,subroutine,-1,usage</identifier>
      <symbol> ( </symbol>
    <expressionList>
    </expressionList>
      <symbol> ) </symbol>
      <symbol> ; </symbol>
    </doStatement>
    <doStatement>
      <keyword> do </keyword>
      <identifier>Memory,,class,-1,usage</identifier>
      <symbol> . </symbol>
      <identifier> deAlloc </identifier>
      <identifier>deAlloc,,subroutine,-1,usage</identifier>
      <symbol> ( </symbol>
    <expressionList>
      <expression>
        <term>
          <keyword> this </keyword>
        </term>
      </expression>
    </expressionList>
      <symbol> ) </symbol>
      <symbol> ; </symbol>
    </doStatement>
    <returnStatement>
      <keyword> return </keyword>
      <symbol> ; </symbol>
    </returnStatement>
  </statements>
      <symbol> } </symbol>
    </subroutineBody>
  </subroutineDec>
  <subroutineDec>
    <keyword> method </keyword>
    <keyword> void </keyword>
    <identifier> moveSquare </identifier>
    <identifier>moveSquare,,subroutine,-1,declaration</identifier>
    <symbol> ( </symbol>
    <parameterList>
    </parameterList>
    <symbol> ) </symbol>
    <subroutineBody>
      <symbol> { </symbol>
  <statements>
    <ifStatement>
      <keyword> if </keyword>
      <symbol> ( </symbol>
      <expression>
        <term>
          <identifier>direction,int,field,1,usage</identifier>
        </term>
        <symbol> = </symbol>
        <term>
          <integerConstant> 1 </integerConstant>
        </term>
      </expression>
      <symbol> ) </symbol>
      <symbol> { </symbol>
  <statements>
    <doStatement>
      <keyword> do </keyword>
      <identifier>square,Square,field,0,usage</identifier>
      <symbol> . </symbol>
      <identifier> moveUp </identifier>
      <identifier>moveUp,,subroutine,-1,usage</identifier>
      <symbol> ( </symbol>
    <expressionList>
    </expressionList>
      <symbol> ) </symbol>
      <symbol> ; </symbol>
    </doStatement>
  </statements>
      <symbol> } </symbol>
    </ifStatement>
    <ifStatement>
      <keyword> if </keyword>
      <symbol> ( </symbol>
      <expression>
        <term>
          <identifier>direction,int,field,1,usage</identifier>
        </term>
        <symbol> = </symbol>
        <term>
          <integerConstant> 2 </integerConstant>
        </term>
      </expression>
      <symbol> ) </symbol>
      <symbol> { </symbol>
  <statements>
    <doStatement>
      <keyword> do </keyword>
      <identifier>square,Square,field,0,usage</identifier>
      <symbol> . </symbol>
      <identifier> moveDown </identifier>
      <identifier>moveDown,,subroutine,-1,usage</identifier>
      <symbol> ( </symbol>
    <expressionList>
    </expressionList>
      <symbol> ) </symbol>
      <symbol> ; </symbol>
    </doStatement>
  </statements>
      <symbol> } </symbol>
    </ifStatement>
    <ifStatement>
      <keyword> if </keyword>
      <symbol> ( </symbol>
      <expression>
        <term>
          <identifier>direction,int,field,1,usage</identifier>
        </term>
        <symbol> = </symbol>
        <term>
          <integerConstant> 3 </integerConstant>
        </term>
      </expression>
      <symbol> ) </symbol>
      <symbol> { </symbol>
  <statements>
    <doStatement>
      <keyword> do </keyword>
      <identifier>square,Square,field,0,usage</identifier>
      <symbol> . </symbol>
      <identifier> moveLeft </identifier>
      <identifier>moveLeft,,subroutine,-1,usage</identifier>
      <symbol> ( </symbol>
    <expressionList>
    </expressionList>
      <symbol> ) </symbol>
      <symbol> ; </symbol>
    </doStatement>
  </statements>
      <symbol> } </symbol>
    </ifStatement>
    <ifStatement>
      <keyword> if </keyword>
      <symbol> ( </symbol>
      <expression>
        <term>
          <identifier>direction,int,field,1,usage</identifier>
        </term>
        <symbol> = </symbol>
        <term>
          <integerConstant> 4 </integerConstant>
        </term>
      </expression>
      <symbol> ) </symbol>
      <symbol> { </symbol>
  <statements>
    <doStatement>
      <keyword> do </keyword>
      <identifier>square,Square,field,0,usage</identifier>
      <symbol> . </symbol>
      <identifier> moveRight </identifier>
      <identifier>moveRight,,subroutine,-1,usage</identifier>
      <symbol> ( </symbol>
    <expressionList>
    </expressionList>
      <symbol> ) </symbol>
      <symbol> ; </symbol>
    </doStatement>
  </statements>
      <symbol> } </symbol>
    </ifStatement>
    <doStatement>
      <keyword> do </keyword>
      <identifier>Sys,,class,-1,usage</identifier>
      <symbol> . </symbol>
      <identifier> wait </identifier>
      <identifier>wait,,subroutine,-1,usage</identifier>
      <symbol> ( </symbol>
    <expressionList>
      <expression>
        <term>
          <integerConstant> 5 </integerConstant>
        </term>
      </expression>
    </expressionList>
      <symbol> ) </symbol>
      <symbol> ; </symbol>
    </doStatement>
    <returnStatement>
      <keyword> return </keyword>
      <symbol> ; </symbol>
    </returnStatement>
  </statements>
      <symbol> } </symbol>
    </subroutineBody>
  </subroutineDec>
  <subroutineDec>
    <keyword> method </keyword>
    <keyword> void </keyword>
    <identifier> run </identifier>
    <identifier>run,,subroutine,-1,declaration</identifier>
    <symbol> ( </symbol>
    <parameterList>
    </parameterList>
    <symbol> ) </symbol>
    <subroutineBody>
      <symbol> { </symbol>
      <varDec>
        <keyword> var </keyword>
        <keyword> char </keyword>
        <identifier>key,char,var,0,declaration</identifier>
        <symbol> ; </symbol>
      </varDec>
      <varDec>
        <keyword> var </keyword>
        <keyword> boolean </keyword>
        <identifier>exit,boolean,var,1,declaration</identifier>
        <symbol> ; </symbol>
      </varDec>
  <statements>
    <letStatement>
      <keyword> let </keyword>
      <identifier>exit,boolean,var,1,usage</identifier>
      <symbol> = </symbol>
      <expression>
        <term>
          <keyword> false </keyword>
        </term>
      </expression>
      <symbol> ; </symbol>
    </letStatement>
    <whileStatement>
      <keyword> while </keyword>
      <symbol> ( </symbol>
      <expression>
        <term>
          <symbol> ~ </symbol>
          <term>
            <identifier>exit,boolean,var,1,usage</identifier>
          </term>
        </term>
      </expression>
      <symbol> ) </symbol>
      <symbol> { </symbol>
  <statements>
    <whileStatement>
      <keyword> while </keyword>
      <symbol> ( </symbol>
      <expression>
        <term>
          <identifier>key,char,var,0,usage</identifier>
        </term>
        <symbol> = </symbol>
        <term>
          <integerConstant> 0 </integerConstant>
        </term>
      </expression>
      <symbol> ) </symbol>
      <symbol> { </symbol>
  <statements>
    <letStatement>
      <keyword> let </keyword>
      <identifier>key,char,var,0,usage</identifier>
      <symbol> = </symbol>
      <expression>
        <term>
          <identifier>Keyboard,,class,-1,usage</identifier>
          <symbol> . </symbol>
          <identifier> keyPressed </identifier>
          <identifier>keyPressed,,subroutine,-1,usage</identifier>
          <symbol> ( </symbol>
        <expressionList>
        </expressionList>
          <symbol> ) </symbol>
        </term>
      </expression>
      <symbol> ; </symbol>
    </letStatement>
    <doStatement>
      <keyword> do </keyword>
      <identifier> moveSquare </identifier>
      <identifier>moveSquare,,subroutine,-1,usage</identifier>
      <symbol> ( </symbol>
    <expressionList>
    </expressionList>
      <symbol> ) </symbol>
      <symbol> ; </symbol>
    </doStatement>
  </statements>
      <symbol> } </symbol>
    </whileStatement>
    <ifStatement>
      <keyword> if </keyword>
      <symbol> ( </symbol>
      <expression>
        <term>
          <identifier>key,char,var,0,usage</identifier>
        </term>
        <symbol> = </symbol>
        <term>
          <integerConstant> 81 </integerConstant>
        </term>
      </expression>
      <symbol> ) </symbol>
      <symbol> { </symbol>
  <statements>
    <letStatement>
      <keyword> let </keyword>
      <identifier>exit,boolean,var,1,usage</identifier>
      <symbol> = </symbol>
      <expression>
        <term>
          <keyword> true </keyword>
        </term>
      </expression>
      <symbol> ; </symbol>
    </letStatement>
  </statements>
      <symbol> } </symbol>
    </ifStatement>
    <ifStatement>
      <keyword> if </keyword>
      <symbol> ( </symbol>
      <expression>
        <term>
          <identifier>key,char,var,0,usage</identifier>
        </term>
        <symbol> = </symbol>
        <term>
          <integerConstant> 90 </integerConstant>
        </term>
      </expression>
      <symbol> ) </symbol>
      <symbol> { </symbol>
  <statements>
    <doStatement>
      <keyword> do </keyword>
      <identifier>square,Square,field,0,usage</identifier>
      <symbol> . </symbol>
      <identifier> decSize </identifier>
      <identifier>decSize,,subroutine,-1,usage</identifier>
      <symbol> ( </symbol>
    <expressionList>
    </expressionList>
      <symbol> ) </symbol>
      <symbol> ; </symbol>
    </doStatement>
  </statements>
      <symbol> } </symbol>
    </ifStatement>
    <ifStatement>
      <keyword> if </keyword>
      <symbol> ( </symbol>
      <expression>
        <term>
          <identifier>key,char,var,0,usage</identifier>
        </term>
        <symbol> = </symbol>
        <term>
          <integerConstant> 88 </integerConstant>
        </term>
      </expression>
      <symbol> ) </symbol>
      <symbol> { </symbol>
  <statements>
    <doStatement>
      <keyword> do </keyword>
      <identifier>square,Square,field,0,usage</identifier>
      <symbol> . </symbol>
      <identifier> incSize </identifier>
      <identifier>incSize,,subroutine,-1,usage</identifier>
      <symbol> ( </symbol>
    <expressionList>
    </expressionList>
      <symbol> ) </symbol>
      <symbol> ; </symbol>
    </doStatement>
  </statements>
      <symbol> } </symbol>
    </ifStatement>
    <ifStatement>
      <keyword> if </keyword>
      <symbol> ( </symbol>
      <expression>
        <term>
          <identifier>key,char,var,0,usage</identifier>
        </term>
        <symbol> = </symbol>
        <term>
          <integerConstant> 131 </integerConstant>
        </term>
      </expression>
      <symbol> ) </symbol>
      <symbol> { </symbol>
  <statements>
    <letStatement>
      <keyword> let </keyword>
      <identifier>direction,int,field,1,usage</identifier>
      <symbol> = </symbol>
      <expression>
        <term>
          <integerConstant> 1 </integerConstant>
        </term>
      </expression>
      <symbol> ; </symbol>
    </letStatement>
  </statements>
      <symbol> } </symbol>
    </ifStatement>
    <ifStatement>
      <keyword> if </keyword>
      <symbol> ( </symbol>
      <expression>
        <term>
          <identifier>key,char,var,0,usage</identifier>
        </term>
        <symbol> = </symbol>
        <term>
          <integerConstant> 133 </integerConstant>
        </term>
      </expression>
      <symbol> ) </symbol>
      <symbol> { </symbol>
  <statements>
    <letStatement>
      <keyword> let </keyword>
      <identifier>direction,int,field,1,usage</identifier>
      <symbol> = </symbol>
      <expression>
        <term>
          <integerConstant> 2 </integerConstant>
        </term>
      </expression>
      <symbol> ; </symbol>
    </letStatement>
  </statements>
      <symbol> } </symbol>
    </ifStatement>
    <ifStatement>
      <keyword> if </keyword>
      <symbol> ( </symbol>
      <expression>
        <term>
          <identifier>key,char,var,0,usage</identifier>
        </term>
        <symbol> = </symbol>
        <term>
          <integerConstant> 130 </integerConstant>
        </term>
      </expression>
      <symbol> ) </symbol>
      <symbol> { </symbol>
  <statements>
    <letStatement>
      <keyword> let </keyword>
      <identifier>direction,int,field,1,usage</identifier>
      <symbol> = </symbol>
      <expression>
        <term>
          <integerConstant> 3 </integerConstant>
        </term>
      </expression>
      <symbol> ; </symbol>
    </letStatement>
  </statements>
      <symbol> } </symbol>
    </ifStatement>
    <ifStatement>
      <keyword> if </keyword>
      <symbol> ( </symbol>
      <expression>
        <term>
          <identifier>key,char,var,0,usage</identifier>
        </term>
        <symbol> = </symbol>
        <term>
          <integerConstant> 132 </integerConstant>
        </term>
      </expression>
      <symbol> ) </symbol>
      <symbol> { </symbol>
  <statements>
    <letStatement>
      <keyword> let </keyword>
      <identifier>direction,int,field,1,usage</identifier>
      <symbol> = </symbol>
      <expression>
        <term>
          <integerConstant> 4 </integerConstant>
        </term>
      </expression>
      <symbol> ; </symbol>
    </letStatement>
  </statements>
      <symbol> } </symbol>
    </ifStatement>
    <whileStatement>
      <keyword> while </keyword>
      <symbol> ( </symbol>
      <expression>
        <term>
          <symbol> ~ </symbol>
          <term>
            <symbol> ( </symbol>
            <expression>
              <term>
                <identifier>key,char,var,0,usage</identifier>
              </term>
              <symbol> = </symbol>
              <term>
                <integerConstant> 0 </integerConstant>
              </term>
            </expression>
            <symbol> ) </symbol>
          </term>
        </term>
      </expression>
      <symbol> ) </symbol>
      <symbol> { </symbol>
  <statements>
    <letStatement>
      <keyword> let </keyword>
      <identifier>key,char,var,0,usage</identifier>
      <symbol> = </symbol>
      <expression>
        <term>
          <identifier>Keyboard,,class,-1,usage</identifier>
          <symbol> . </symbol>
          <identifier> keyPressed </identifier>
          <identifier>keyPressed,,subroutine,-1,usage</identifier>
          <symbol> ( </symbol>
        <expressionList>
        </expressionList>
          <symbol> ) </symbol>
        </term>
      </expression>
      <symbol> ; </symbol>
    </letStatement>
    <doStatement>
      <keyword> do </keyword>
      <identifier> moveSquare </identifier>
      <identifier>moveSquare,,subroutine,-1,usage</identifier>
      <symbol> ( </symbol>
    <expressionList>
    </expressionList>
      <symbol> ) </symbol>
      <symbol> ; </symbol>
    </doStatement>
  </statements>
      <symbol> } </symbol>
    </whileStatement>
  </statements>
      <symbol> } </symbol>
    </whileStatement>
    <returnStatement>
      <keyword> return </keyword>
      <symbol> ; </symbol>
    </returnStatement>
  </statements>
      <symbol> } </symbol>
    </subroutineBody>
  </subroutineDec>
  <symbol> } </symbol>
</class>


